id,year_month,variable,value,monthly_screen_time,app_to_screen_ratio
AS14.01,2014-03,appCat.builtin,25093.415,133165.6600012779,0.18843758217966403
AS14.01,2014-03,appCat.communication,64340.668,133165.6600012779,0.4831626111370046
AS14.01,2014-03,appCat.entertainment,10068.405999999999,133165.6600012779,0.07560812599812429
AS14.01,2014-03,appCat.finance,416.154,133165.6600012779,0.0031250849505496123
AS14.01,2014-03,appCat.game,284.212,133165.6600012779,0.0021342739561931554
AS14.01,2014-03,appCat.office,357.66700000000003,133165.6600012779,0.002685880128529891
AS14.01,2014-03,appCat.other,1561.571,133165.6600012779,0.011726529196678893
AS14.01,2014-03,appCat.social,19831.208,133165.6600012779,0.14892133602469054
AS14.01,2014-03,appCat.travel,2788.694,133165.6600012779,0.02094154003346838
AS14.01,2014-03,appCat.unknown,376.163,133165.6600012779,0.0028247747955170294
AS14.01,2014-03,appCat.utilities,2532.509,133165.6600012779,0.019017733250266605
AS14.01,2014-03,appCat.weather,30.386,133165.6600012779,0.00022818195020929877
AS14.01,2014-04,appCat.builtin,63690.488,368404.17299771315,0.17288210250646469
AS14.01,2014-04,appCat.communication,176236.579,368404.17299771315,0.47837834616790287
AS14.01,2014-04,appCat.entertainment,38242.643,368404.17299771315,0.10380621557247503
AS14.01,2014-04,appCat.finance,2629.686,368404.17299771315,0.007138046180644984
AS14.01,2014-04,appCat.game,712.595,368404.17299771315,0.0019342750496054327
AS14.01,2014-04,appCat.office,223.171,368404.17299771315,0.0006057776115402073
AS14.01,2014-04,appCat.other,4442.4619999999995,368404.17299771315,0.012058663624387274
AS14.01,2014-04,appCat.social,52034.62,368404.17299771315,0.14124329693823257
AS14.01,2014-04,appCat.travel,3277.9629999999997,368404.17299771315,0.00889773580284702
AS14.01,2014-04,appCat.unknown,3.148,368404.17299771315,8.54496292586659e-06
AS14.01,2014-04,appCat.utilities,8378.576,368404.17299771315,0.022742891134547513
AS14.01,2014-05,appCat.builtin,5621.591,46469.43599939346,0.12097394511251171
AS14.01,2014-05,appCat.communication,24865.58,46469.43599939346,0.5350953689286128
AS14.01,2014-05,appCat.entertainment,4832.624,46469.43599939346,0.10399575325302156
AS14.01,2014-05,appCat.finance,2687.165,46469.43599939346,0.05782650342550045
AS14.01,2014-05,appCat.office,28.098,46469.43599939346,0.0006046554987318276
AS14.01,2014-05,appCat.other,152.96699999999998,46469.43599939346,0.003291776556143194
AS14.01,2014-05,appCat.social,6415.591,46469.43599939346,0.13806044472077816
AS14.01,2014-05,appCat.travel,143.631,46469.43599939346,0.0030908703088601015
AS14.01,2014-05,appCat.unknown,30.102,46469.43599939346,0.0006477806186499208
AS14.01,2014-05,appCat.utilities,670.588,46469.43599939346,0.014430732492831477
AS14.02,2014-03,appCat.builtin,45595.051,98610.97800183296,0.46237297229880925
AS14.02,2014-03,appCat.communication,44439.339,98610.97800183296,0.4506530601407682
AS14.02,2014-03,appCat.entertainment,10709.603000000001,98610.97800183296,0.10860457138758864
AS14.02,2014-03,appCat.other,2438.485,98610.97800183296,0.024728331970854948
AS14.02,2014-03,appCat.social,9300.947,98610.97800183296,0.09431958985161992
AS14.02,2014-03,appCat.travel,3680.611,98610.97800183296,0.0373245562976932
AS14.02,2014-03,appCat.utilities,67.163,98610.97800183296,0.0006810904968283712
AS14.02,2014-04,appCat.builtin,20008.125,76883.44499850273,0.2602397044043701
AS14.02,2014-04,appCat.communication,32306.812,76883.44499850273,0.4202050519540216
AS14.02,2014-04,appCat.entertainment,7312.039,76883.44499850273,0.09510550678552969
AS14.02,2014-04,appCat.other,1341.68,76883.44499850273,0.017450830930197374
AS14.02,2014-04,appCat.social,5717.479,76883.44499850273,0.0743655412437794
AS14.02,2014-04,appCat.travel,2729.438,76883.44499850273,0.03550098464049256
AS14.02,2014-04,appCat.utilities,93.51899999999999,76883.44499850273,0.0012163736939964284
AS14.03,2014-03,appCat.builtin,5341.1359999999995,45136.39100027085,0.11833325353743832
AS14.03,2014-03,appCat.communication,16230.356,45136.39100027085,0.35958470848727375
AS14.03,2014-03,appCat.entertainment,25492.322,45136.39100027085,0.5647842336319496
AS14.03,2014-03,appCat.finance,803.127,45136.39100027085,0.017793336644819045
AS14.03,2014-03,appCat.office,545.056,45136.39100027085,0.012075755015431547
AS14.03,2014-03,appCat.other,2637.333,45136.39100027085,0.05843030294522604
AS14.03,2014-03,appCat.travel,456.79,45136.39100027085,0.010120215415478365
AS14.03,2014-03,appCat.unknown,165.091,45136.39100027085,0.0036576030192358388
AS14.03,2014-03,appCat.utilities,68.024,45136.39100027085,0.0015070766291348328
AS14.03,2014-03,appCat.weather,76.809,45136.39100027085,0.001701708938127975
AS14.03,2014-04,appCat.builtin,53332.279,134705.51399040222,0.39591756432331293
AS14.03,2014-04,appCat.communication,49116.503,134705.51399040222,0.3646213250297946
AS14.03,2014-04,appCat.entertainment,83593.734,134705.51399040222,0.6205665345366341
AS14.03,2014-04,appCat.finance,1412.1009999999999,134705.51399040222,0.010482874517672767
AS14.03,2014-04,appCat.office,2943.466,134705.51399040222,0.021851117395311093
AS14.03,2014-04,appCat.other,13860.286,134705.51399040222,0.10289323420708336
AS14.03,2014-04,appCat.social,81.916,134705.51399040222,0.000608111706591584
AS14.03,2014-04,appCat.travel,877.643,134705.51399040222,0.006515271528250374
AS14.03,2014-04,appCat.unknown,3445.1699999999996,134705.51399040222,0.02557556775475032
AS14.03,2014-04,appCat.utilities,152.433,134705.51399040222,0.001131601784399567
AS14.03,2014-05,appCat.builtin,4142.988,29407.851000070576,0.1408803383827692
AS14.03,2014-05,appCat.communication,6555.825,29407.851000070576,0.22292771409866932
AS14.03,2014-05,appCat.entertainment,16421.26,29407.851000070576,0.55839714367298
AS14.03,2014-05,appCat.finance,56.467,29407.851000070576,0.0019201335044802996
AS14.03,2014-05,appCat.office,89.973,29407.851000070576,0.003059489113971098
AS14.03,2014-05,appCat.other,1395.204,29407.851000070576,0.04744324908326867
AS14.03,2014-05,appCat.travel,364.904,29407.851000070576,0.012408387134412653
AS14.03,2014-05,appCat.unknown,246.598,29407.851000070576,0.008385447817979227
AS14.03,2014-05,appCat.utilities,58.597,29407.851000070576,0.0019925631424023258
AS14.05,2014-03,appCat.builtin,6859.532,98854.35000205041,0.06939028985429292
AS14.05,2014-03,appCat.communication,71204.994,98854.35000205041,0.7203020807736138
AS14.05,2014-03,appCat.entertainment,19537.164,98854.35000205041,0.1976358551707109
AS14.05,2014-03,appCat.other,2410.812,98854.35000205041,0.024387515571646524
AS14.05,2014-03,appCat.social,1497.229,98854.35000205041,0.015145807948450876
AS14.05,2014-03,appCat.unknown,1131.201,98854.35000205041,0.01144310796617991
AS14.05,2014-03,appCat.utilities,1099.299,98854.35000205041,0.011120390756473525
AS14.05,2014-04,appCat.builtin,15331.239,149874.42600512507,0.10229389635477727
AS14.05,2014-04,appCat.communication,103573.643,149874.42600512507,0.6910694890431688
AS14.05,2014-04,appCat.entertainment,17109.754,149874.42600512507,0.11416059734844235
AS14.05,2014-04,appCat.office,21.127,149874.42600512507,0.00014096467665055507
AS14.05,2014-04,appCat.other,6577.427,149874.42600512507,0.04388625314751884
AS14.05,2014-04,appCat.social,19403.514,149874.42600512507,0.12946514303471948
AS14.05,2014-04,appCat.travel,5.029,149874.42600512507,3.355475736619688e-05
AS14.05,2014-04,appCat.unknown,2965.486,149874.42600512507,0.01978647110814351
AS14.05,2014-04,appCat.utilities,931.523,149874.42600512507,0.006215356581036353
AS14.05,2014-05,appCat.builtin,4171.945,25581.221996545795,0.16308622788087812
AS14.05,2014-05,appCat.communication,17430.203,25581.221996545795,0.6813670981923218
AS14.05,2014-05,appCat.entertainment,920.434,25581.221996545795,0.03598084564233425
AS14.05,2014-05,appCat.other,762.3530000000001,25581.221996545795,0.029801273766473697
AS14.05,2014-05,appCat.social,2177.977,25581.221996545795,0.08513967785800419
AS14.05,2014-05,appCat.unknown,444.174,25581.221996545795,0.017363283116810305
AS14.05,2014-05,appCat.utilities,77.462,25581.221996545795,0.003028080519783598
AS14.06,2014-03,appCat.builtin,4863.171,53571.5250031948,0.09077902859233482
AS14.06,2014-03,appCat.communication,20392.366,53571.5250031948,0.3806568134617015
AS14.06,2014-03,appCat.entertainment,15734.334,53571.5250031948,0.2937070393098137
AS14.06,2014-03,appCat.game,2386.3320000000003,53571.5250031948,0.04454478381673265
AS14.06,2014-03,appCat.office,382.415,53571.5250031948,0.007138400483786755
AS14.06,2014-03,appCat.other,1011.263,53571.5250031948,0.01887687535383195
AS14.06,2014-03,appCat.social,14838.835,53571.5250031948,0.2769910880661894
AS14.06,2014-03,appCat.travel,644.191,53571.5250031948,0.01202487702117091
AS14.06,2014-03,appCat.weather,4.859,53571.5250031948,9.070117006581813e-05
AS14.06,2014-04,appCat.builtin,24850.523,230049.77099990848,0.10802237660132201
AS14.06,2014-04,appCat.communication,104428.953,230049.77099990848,0.4539406952943306
AS14.06,2014-04,appCat.entertainment,50775.969,230049.77099990848,0.22071732034030236
AS14.06,2014-04,appCat.game,3607.375,230049.77099990848,0.015680845863573736
AS14.06,2014-04,appCat.office,1801.998,230049.77099990848,0.007833078868836245
AS14.06,2014-04,appCat.other,3255.471,230049.77099990848,0.014151159489749265
AS14.06,2014-04,appCat.social,66116.698,230049.77099990848,0.2874017118670651
AS14.06,2014-04,appCat.travel,5383.832,230049.77099990848,0.02340290093139081
AS14.06,2014-04,appCat.weather,96.98100000000001,230049.77099990848,0.0004215652968419542
AS14.06,2014-05,appCat.builtin,3228.123,38182.3219974041,0.08454496298626026
AS14.06,2014-05,appCat.communication,18004.901,38182.3219974041,0.47155070876056465
AS14.06,2014-05,appCat.entertainment,6596.6939999999995,38182.3219974041,0.1727682774360472
AS14.06,2014-05,appCat.office,430.823,38182.3219974041,0.011283310638606273
AS14.06,2014-05,appCat.other,947.54,38182.3219974041,0.02481619635559148
AS14.06,2014-05,appCat.social,13176.93,38182.3219974041,0.34510551770256037
AS14.06,2014-05,appCat.travel,665.479,38182.3219974041,0.01742898192638059
AS14.06,2014-05,appCat.unknown,93.99700000000001,38182.3219974041,0.002461793706689462
AS14.06,2014-05,appCat.weather,15.126999999999999,38182.3219974041,0.00039617810569583583
AS14.07,2014-03,appCat.builtin,20559.684,145039.64999651906,0.14175216225696513
AS14.07,2014-03,appCat.communication,68420.481,145039.64999651906,0.4717363907155187
AS14.07,2014-03,appCat.entertainment,23125.99,145039.64999651906,0.15944598598076473
AS14.07,2014-03,appCat.other,2637.571,145039.64999651906,0.01818517212405919
AS14.07,2014-03,appCat.social,18085.951,145039.64999651906,0.12469659848485612
AS14.07,2014-03,appCat.travel,2798.216,145039.64999651906,0.019292765806227172
AS14.07,2014-03,appCat.unknown,734.0559999999999,145039.64999651906,0.005061071231333068
AS14.07,2014-03,appCat.utilities,45.444,145039.64999651906,0.00031332121941200666
AS14.07,2014-04,appCat.builtin,37808.75,256438.55801105502,0.14743785136387358
AS14.07,2014-04,appCat.communication,130187.199,256438.55801105502,0.5076740409466335
AS14.07,2014-04,appCat.entertainment,48698.103,256438.55801105502,0.1899016410702974
AS14.07,2014-04,appCat.game,14.065,256438.55801105502,5.484744614495009e-05
AS14.07,2014-04,appCat.other,4555.334,256438.55801105502,0.01776384189386847
AS14.07,2014-04,appCat.social,33364.588,256438.55801105502,0.13010753241937065
AS14.07,2014-04,appCat.travel,2783.86,256438.55801105502,0.010855855771424157
AS14.07,2014-04,appCat.unknown,2376.429,256438.55801105502,0.009267050237809996
AS14.07,2014-04,appCat.utilities,378.68199999999996,256438.55801105502,0.0014766968077541407
AS14.07,2014-05,appCat.builtin,3258.458,15401.742000103,0.21156425032819073
AS14.07,2014-05,appCat.communication,12659.87,15401.742000103,0.8219765010941839
AS14.07,2014-05,appCat.entertainment,1056.127,15401.742000103,0.06857191868250598
AS14.07,2014-05,appCat.other,505.689,15401.742000103,0.0328332340586291
AS14.07,2014-05,appCat.social,2768.849,15401.742000103,0.17977505401541483
AS14.07,2014-05,appCat.unknown,210.61,15401.742000103,0.013674427217297338
AS14.08,2014-03,appCat.builtin,7708.7119999999995,31179.19400048256,0.24723897609029574
AS14.08,2014-03,appCat.communication,25235.916,31179.19400048256,0.8093832059805467
AS14.08,2014-03,appCat.entertainment,533.443,31179.19400048256,0.017108941302066496
AS14.08,2014-03,appCat.office,178.58499999999998,31179.19400048256,0.005727697771701091
AS14.08,2014-03,appCat.other,5176.388,31179.19400048256,0.16602058410874523
AS14.08,2014-03,appCat.social,20782.468,31179.19400048256,0.6665492379205938
AS14.08,2014-03,appCat.travel,1690.5240000000001,31179.19400048256,0.05421961837672378
AS14.08,2014-03,appCat.unknown,706.4549999999999,31179.19400048256,0.022657898083865355
AS14.08,2014-03,appCat.utilities,269.505,31179.19400048256,0.00864374492797437
AS14.08,2014-04,appCat.builtin,5339.9529999999995,63514.361998319626,0.0840747325800309
AS14.08,2014-04,appCat.communication,46221.36,63514.361998319626,0.7277308398567062
AS14.08,2014-04,appCat.entertainment,3492.06,63514.361998319626,0.054980635719719395
AS14.08,2014-04,appCat.office,261.916,63514.361998319626,0.0041237287403899205
AS14.08,2014-04,appCat.other,5909.403,63514.361998319626,0.09304042131693527
AS14.08,2014-04,appCat.social,31261.303,63514.361998319626,0.4921926634613297
AS14.08,2014-04,appCat.travel,1114.867,63514.361998319626,0.01755299061383149
AS14.08,2014-04,appCat.unknown,46.486,63514.361998319626,0.000731897456534789
AS14.08,2014-04,appCat.utilities,299.698,63514.361998319626,0.004718586325529476
AS14.08,2014-05,appCat.builtin,375.524,9277.722001075741,0.04047588405391522
AS14.08,2014-05,appCat.communication,12230.246,9277.722001075741,1.3182380328470626
AS14.08,2014-05,appCat.entertainment,3781.166,9277.722001075741,0.4075532765005869
AS14.08,2014-05,appCat.other,195.962,9277.722001075741,0.021121779675795246
AS14.08,2014-05,appCat.social,2202.449,9277.722001075741,0.23739113973717132
AS14.08,2014-05,appCat.unknown,317.828,9277.722001075741,0.034257116128630305
AS14.08,2014-05,appCat.utilities,249.938,9277.722001075741,0.02693958710672943
AS14.09,2014-03,appCat.builtin,4673.791,74200.63799977304,0.06298855543552463
AS14.09,2014-03,appCat.communication,27938.092,74200.63799977304,0.37652091347362077
AS14.09,2014-03,appCat.entertainment,66295.14,74200.63799977304,0.8934578163627485
AS14.09,2014-03,appCat.finance,396.91499999999996,74200.63799977304,0.0053492127655454125
AS14.09,2014-03,appCat.office,40.968999999999994,74200.63799977304,0.0005521381096497487
AS14.09,2014-03,appCat.other,1132.997,74200.63799977304,0.01526937005586752
AS14.09,2014-03,appCat.social,2972.123,74200.63799977304,0.0400552216277317
AS14.09,2014-03,appCat.travel,2388.792,74200.63799977304,0.0321936854506198
AS14.09,2014-03,appCat.unknown,454.372,74200.63799977304,0.0061235592071511545
AS14.09,2014-03,appCat.utilities,188.077,74200.63799977304,0.0025347086638335277
AS14.09,2014-03,appCat.weather,85.519,74200.63799977304,0.001152537259858353
AS14.09,2014-04,appCat.builtin,7935.217000000001,88017.90900611877,0.09015457296819407
AS14.09,2014-04,appCat.communication,34317.479,88017.90900611877,0.3898920047920513
AS14.09,2014-04,appCat.entertainment,49565.191,88017.90900611877,0.5631262041973112
AS14.09,2014-04,appCat.finance,1224.918,88017.90900611877,0.013916690521639713
AS14.09,2014-04,appCat.game,256.011,88017.90900611877,0.0029086239708580536
AS14.09,2014-04,appCat.office,94.561,88017.90900611877,0.0010743381780794904
AS14.09,2014-04,appCat.other,932.364,88017.90900611877,0.010592889680385211
AS14.09,2014-04,appCat.social,1851.997,88017.90900611877,0.021041138342325925
AS14.09,2014-04,appCat.travel,4378.629,88017.90900611877,0.04974702363919608
AS14.09,2014-04,appCat.unknown,1406.006,88017.90900611877,0.01597408999914163
AS14.09,2014-04,appCat.utilities,163.197,88017.90900611877,0.0018541340261634138
AS14.09,2014-04,appCat.weather,192.0,88017.90900611877,0.0021813742472188546
AS14.12,2014-03,appCat.builtin,13897.085,33431.10500073434,0.415693259307305
AS14.12,2014-03,appCat.communication,6213.703,33431.10500073434,0.18586591738034122
AS14.12,2014-03,appCat.entertainment,5955.332,33431.10500073434,0.17813745611666704
AS14.12,2014-03,appCat.finance,11.04,33431.10500073434,0.0003302313818151538
AS14.12,2014-03,appCat.game,11.03,33431.10500073434,0.0003299322591866981
AS14.12,2014-03,appCat.office,17.189,33431.10500073434,0.0005141618860525978
AS14.12,2014-03,appCat.other,302.746,33431.10500073434,0.009055817927446608
AS14.12,2014-03,appCat.social,10984.161,33431.10500073434,0.32856111097011975
AS14.12,2014-03,appCat.travel,873.5169999999999,33431.10500073434,0.0261288701040786
AS14.12,2014-03,appCat.unknown,60.299,33431.10500073434,0.0018036795373253588
AS14.12,2014-03,appCat.utilities,42.458,33431.10500073434,0.0012700148558974459
AS14.12,2014-04,appCat.builtin,122441.617,223542.77299904823,0.547732388559577
AS14.12,2014-04,appCat.communication,36688.454,223542.77299904823,0.16412274710467248
AS14.12,2014-04,appCat.entertainment,28773.295000000002,223542.77299904823,0.12871494172671155
AS14.12,2014-04,appCat.finance,1048.101,223542.77299904823,0.0046885926390671665
AS14.12,2014-04,appCat.game,912.6840000000001,223542.77299904823,0.004082815953991435
AS14.12,2014-04,appCat.office,2923.003,223542.77299904823,0.013075810775651626
AS14.12,2014-04,appCat.other,1581.905,223542.77299904823,0.007076520429523057
AS14.12,2014-04,appCat.social,87774.422,223542.77299904823,0.3926515754565401
AS14.12,2014-04,appCat.travel,11407.355,223542.77299904823,0.051029853691796905
AS14.12,2014-04,appCat.utilities,156.535,223542.77299904823,0.0007002463014121529
AS14.12,2014-04,appCat.weather,153.147,223542.77299904823,0.0006850903652369564
AS14.12,2014-05,appCat.builtin,11394.641,43121.07900333403,0.2642475852498726
AS14.12,2014-05,appCat.communication,7033.584,43121.07900333403,0.16311243045324023
AS14.12,2014-05,appCat.entertainment,5575.202,43121.07900333403,0.1292918018022911
AS14.12,2014-05,appCat.finance,735.365,43121.07900333403,0.01705349256086897
AS14.12,2014-05,appCat.game,181.611,43121.07900333403,0.004211652495661303
AS14.12,2014-05,appCat.office,179.118,43121.07900333403,0.004153838543468519
AS14.12,2014-05,appCat.other,221.43099999999998,43121.07900333403,0.005135098775772271
AS14.12,2014-05,appCat.social,16178.663,43121.07900333403,0.37519151593468014
AS14.12,2014-05,appCat.travel,531.915,43121.07900333403,0.0123353824230343
AS14.12,2014-05,appCat.utilities,31.785,43121.07900333403,0.0007371104975722535
AS14.13,2014-03,appCat.builtin,11696.091,139648.56099033356,0.08375375239856285
AS14.13,2014-03,appCat.communication,104155.726,139648.56099033356,0.7458417420227454
AS14.13,2014-03,appCat.entertainment,16080.169,139648.56099033356,0.11514740206390717
AS14.13,2014-03,appCat.office,33.368,139648.56099033356,0.00023894266982321235
AS14.13,2014-03,appCat.other,16404.275,139648.56099033356,0.11746827094863872
AS14.13,2014-03,appCat.social,10577.233,139648.56099033356,0.07574179730167183
AS14.13,2014-03,appCat.travel,4249.191,139648.56099033356,0.030427746407599057
AS14.13,2014-03,appCat.unknown,161.337,139648.56099033356,0.0011553072860605253
AS14.13,2014-03,appCat.utilities,82.011,139648.56099033356,0.0005872670611025972
AS14.13,2014-04,appCat.builtin,22687.384,249900.22999978063,0.09078576678388776
AS14.13,2014-04,appCat.communication,213718.915,249900.22999978063,0.8552169599851414
AS14.13,2014-04,appCat.entertainment,5252.221,249900.22999978063,0.021017271572757696
AS14.13,2014-04,appCat.office,706.5409999999999,249900.22999978063,0.002827292315819878
AS14.13,2014-04,appCat.other,13408.207,249900.22999978063,0.053654240334279686
AS14.13,2014-04,appCat.social,15743.229,249900.22999978063,0.0629980572647485
AS14.13,2014-04,appCat.travel,1819.887,249900.22999978063,0.007282454281861196
AS14.13,2014-04,appCat.unknown,580.119,249900.22999978063,0.002321402425281919
AS14.13,2014-04,appCat.utilities,410.938,249900.22999978063,0.0016444082504460309
AS14.13,2014-05,appCat.builtin,1233.894,14677.329998731619,0.08406801510265358
AS14.13,2014-05,appCat.communication,11439.319,14677.329998731619,0.7793869185327685
AS14.13,2014-05,appCat.office,165.68900000000002,14677.329998731619,0.011288769824914918
AS14.13,2014-05,appCat.other,673.552,14677.329998731619,0.04589063542607592
AS14.13,2014-05,appCat.social,991.582,14677.329998731619,0.06755874536347485
AS14.13,2014-05,appCat.travel,512.8620000000001,14677.329998731619,0.03494245888348361
AS14.13,2014-05,appCat.unknown,142.69,14677.329998731619,0.00972179545001243
AS14.14,2014-03,appCat.builtin,66480.79,102858.14800024033,0.6463346977610822
AS14.14,2014-03,appCat.communication,48280.173,102858.14800024033,0.4693859838880941
AS14.14,2014-03,appCat.entertainment,2536.534,102858.14800024033,0.02466050623421757
AS14.14,2014-03,appCat.finance,2640.167,102858.14800024033,0.02566803944393235
AS14.14,2014-03,appCat.other,9634.525,102858.14800024033,0.09366807771006619
AS14.14,2014-03,appCat.social,11436.213,102858.14800024033,0.11118431764854719
AS14.14,2014-03,appCat.travel,1848.387,102858.14800024033,0.017970253557313527
AS14.14,2014-03,appCat.unknown,13.838000000000001,102858.14800024033,0.00013453479640686966
AS14.14,2014-03,appCat.utilities,12.133,102858.14800024033,0.0001179585695045924
AS14.14,2014-04,appCat.builtin,93946.925,18140.793999195103,5.178765880047388
AS14.14,2014-04,appCat.communication,10376.894,18140.793999195103,0.5720198355408489
AS14.14,2014-04,appCat.finance,8.059,18140.793999195103,0.00044424736868505166
AS14.14,2014-04,appCat.game,169.699,18140.793999195103,0.009354551956630425
AS14.14,2014-04,appCat.office,112.97699999999999,18140.793999195103,0.006227786942788321
AS14.14,2014-04,appCat.other,4083.929,18140.793999195103,0.2251240491557978
AS14.14,2014-04,appCat.social,847.404,18140.793999195103,0.04671261908589001
AS14.14,2014-04,appCat.travel,141.701,18140.793999195103,0.007811179599210883
AS14.14,2014-05,appCat.builtin,5770.843,1839.2400012016294,3.137623690344783
AS14.14,2014-05,appCat.communication,305.246,1839.2400012016294,0.16596311509132783
AS14.14,2014-05,appCat.other,218.052,1839.2400012016294,0.11855549023375972
AS14.14,2014-05,appCat.social,231.781,1839.2400012016294,0.12601998643383716
AS14.15,2014-03,appCat.builtin,6380.963,16240.122000217438,0.39291348919143376
AS14.15,2014-03,appCat.communication,9733.356,16240.122000217438,0.5993400788411368
AS14.15,2014-03,appCat.entertainment,5.019,16240.122000217438,0.00030904940245724764
AS14.15,2014-03,appCat.office,78.699,16240.122000217438,0.004845961132493112
AS14.15,2014-03,appCat.other,694.447,16240.122000217438,0.04276119354218534
AS14.15,2014-03,appCat.social,205.592,16240.122000217438,0.01265951080892418
AS14.15,2014-03,appCat.travel,156.851,16240.122000217438,0.009658240252006723
AS14.15,2014-03,appCat.utilities,65.311,16240.122000217438,0.0040215830890387135
AS14.15,2014-04,appCat.builtin,8347.018,27069.426999807354,0.30835591754710595
AS14.15,2014-04,appCat.communication,19854.462,27069.426999807354,0.7334644357319162
AS14.15,2014-04,appCat.entertainment,817.862,27069.426999807354,0.030213495099317044
AS14.15,2014-04,appCat.finance,96.649,27069.426999807354,0.003570411741655552
AS14.15,2014-04,appCat.office,693.948,27069.426999807354,0.02563585849101788
AS14.15,2014-04,appCat.other,3167.899,27069.426999807354,0.11702866854265312
AS14.15,2014-04,appCat.social,1033.491,27069.426999807354,0.03817927139748304
AS14.15,2014-04,appCat.travel,298.513,27069.426999807354,0.011027680785490008
AS14.15,2014-04,appCat.unknown,23.129,27069.426999807354,0.0008544325670493359
AS14.15,2014-05,appCat.builtin,1114.002,2475.34200000763,0.4500396308859811
AS14.15,2014-05,appCat.communication,1466.99,2475.34200000763,0.5926413400635057
AS14.15,2014-05,appCat.entertainment,672.08,2475.34200000763,0.27150995700712405
AS14.15,2014-05,appCat.other,15.069,2475.34200000763,0.006087643646798525
AS14.15,2014-05,appCat.social,69.481,2475.34200000763,0.028069252652678227
AS14.15,2014-05,appCat.travel,23.103,2475.34200000763,0.009333255768265068
AS14.16,2014-03,appCat.builtin,2329.787,12667.991000652317,0.1839113242091845
AS14.16,2014-03,appCat.communication,3539.819,12667.991000652317,0.279430179561836
AS14.16,2014-03,appCat.entertainment,5408.339,12667.991000652317,0.42692949495476484
AS14.16,2014-03,appCat.finance,184.369,12667.991000652317,0.014553925716438086
AS14.16,2014-03,appCat.other,233.56300000000002,12667.991000652317,0.018437256545885853
AS14.16,2014-03,appCat.social,1279.604,12667.991000652317,0.10101080747011179
AS14.16,2014-04,appCat.builtin,4687.83,34510.78099918366,0.1358366824590521
AS14.16,2014-04,appCat.communication,9101.281,34510.78099918366,0.26372283490817805
AS14.16,2014-04,appCat.entertainment,4864.834,34510.78099918366,0.14096563042473814
AS14.16,2014-04,appCat.finance,539.103,34510.78099918366,0.015621292372744396
AS14.16,2014-04,appCat.game,162.983,34510.78099918366,0.0047226691277677925
AS14.16,2014-04,appCat.other,159.121,34510.78099918366,0.004610762068924605
AS14.16,2014-04,appCat.social,1774.455,34510.78099918366,0.051417410693834306
AS14.16,2014-04,appCat.travel,50.837,34510.78099918366,0.0014730759063726355
AS14.16,2014-04,appCat.utilities,19.138,34510.78099918366,0.0005545513444176387
AS14.16,2014-04,appCat.weather,9.23,34510.78099918366,0.0002674526548738011
AS14.16,2014-05,appCat.builtin,1489.02,5207.1140003204355,0.28595878636580047
AS14.16,2014-05,appCat.communication,1311.321,5207.1140003204355,0.251832589015586
AS14.16,2014-05,appCat.entertainment,2065.731,5207.1140003204355,0.3967132273026631
AS14.16,2014-05,appCat.finance,29.127,5207.1140003204355,0.005593693550440336
AS14.16,2014-05,appCat.other,15.073,5207.1140003204355,0.0028946936823492702
AS14.16,2014-05,appCat.social,846.258,5207.1140003204355,0.1625195837747979
AS14.16,2014-05,appCat.travel,124.535,5207.1140003204355,0.023916319095824742
AS14.16,2014-05,appCat.unknown,11.114,5207.1140003204355,0.0021343876856385452
AS14.16,2014-05,appCat.utilities,13.048,5207.1140003204355,0.0025058026383130948
AS14.17,2014-03,appCat.builtin,27721.534,68269.15200543404,0.4060623749624639
AS14.17,2014-03,appCat.communication,37701.696,68269.15200543404,0.5522508320741856
AS14.17,2014-03,appCat.entertainment,16481.404,68269.15200543404,0.24141802726197806
AS14.17,2014-03,appCat.finance,21.08,68269.15200543404,0.0003087778210328742
AS14.17,2014-03,appCat.office,348.649,68269.15200543404,0.005106977159643766
AS14.17,2014-03,appCat.other,1419.803,68269.15200543404,0.020797138360338616
AS14.17,2014-03,appCat.social,17671.484,68269.15200543404,0.25885020512036533
AS14.17,2014-03,appCat.travel,9933.020999999999,68269.15200543404,0.1454979402587183
AS14.17,2014-03,appCat.utilities,259.666,68269.15200543404,0.0038035626981177575
AS14.17,2014-04,appCat.builtin,57803.443,172473.85700201988,0.3351432153530552
AS14.17,2014-04,appCat.communication,72769.186,172473.85700201988,0.421914296258521
AS14.17,2014-04,appCat.entertainment,46345.798,172473.85700201988,0.26871201703025194
AS14.17,2014-04,appCat.finance,60.552,172473.85700201988,0.0003510792942914871
AS14.17,2014-04,appCat.game,2562.907,172473.85700201988,0.014859683922821911
AS14.17,2014-04,appCat.office,3510.425,172473.85700201988,0.02035337448248107
AS14.17,2014-04,appCat.other,3028.396,172473.85700201988,0.017558579906777026
AS14.17,2014-04,appCat.social,33970.396,172473.85700201988,0.19695968183515583
AS14.17,2014-04,appCat.travel,7752.692,172473.85700201988,0.04494995435690411
AS14.17,2014-04,appCat.unknown,206.937,172473.85700201988,0.0011998166191504404
AS14.17,2014-04,appCat.utilities,285.049,172473.85700201988,0.0016527084449480462
AS14.17,2014-05,appCat.builtin,7208.575,20845.56600117683,0.34580855226445
AS14.17,2014-05,appCat.communication,6089.303,20845.56600117683,0.2921150233894455
AS14.17,2014-05,appCat.entertainment,194.76500000000001,20845.56600117683,0.0093432339514794
AS14.17,2014-05,appCat.game,5364.334,20845.56600117683,0.2573369319737904
AS14.17,2014-05,appCat.other,123.57000000000001,20845.56600117683,0.005927879338609655
AS14.17,2014-05,appCat.social,3211.84,20845.56600117683,0.1540778504080281
AS14.17,2014-05,appCat.travel,11693.98,20845.56600117683,0.5609816494951405
AS14.17,2014-05,appCat.utilities,72.042,20845.56600117683,0.003455986754973834
AS14.19,2014-03,appCat.builtin,14232.17,39327.000995397575,0.3618930922717851
AS14.19,2014-03,appCat.communication,27923.534,39327.000995397575,0.7100346655792005
AS14.19,2014-03,appCat.entertainment,916.768,39327.000995397575,0.02331141395977001
AS14.19,2014-03,appCat.other,1160.174,39327.000995397575,0.029500698518449824
AS14.19,2014-03,appCat.social,500.694,39327.000995397575,0.012731558149033435
AS14.19,2014-03,appCat.travel,238.217,39327.000995397575,0.0060573395878286895
AS14.19,2014-03,appCat.unknown,72.91,39327.000995397575,0.0018539425370506291
AS14.19,2014-04,appCat.builtin,27005.613,84359.23200154305,0.32012634965081277
AS14.19,2014-04,appCat.communication,73831.062,84359.23200154305,0.8751983659435109
AS14.19,2014-04,appCat.entertainment,551.615,84359.23200154305,0.006538881245266792
AS14.19,2014-04,appCat.game,590.114,84359.23200154305,0.006995250976078185
AS14.19,2014-04,appCat.other,1951.19,84359.23200154305,0.023129537262315404
AS14.19,2014-04,appCat.social,34451.246999999996,84359.23200154305,0.40838739498446164
AS14.19,2014-04,appCat.travel,321.56600000000003,84359.23200154305,0.0038118649538454565
AS14.19,2014-04,appCat.unknown,72.454,84359.23200154305,0.0008588745805399782
AS14.19,2014-04,appCat.utilities,56.995,84359.23200154305,0.0006756225566273231
AS14.19,2014-05,appCat.builtin,6055.1410000000005,10459.621001243595,0.5789063484499176
AS14.19,2014-05,appCat.communication,9033.833,10459.621001243595,0.8636864566054472
AS14.19,2014-05,appCat.other,260.083,10459.621001243595,0.024865432501720425
AS14.19,2014-05,appCat.social,822.5649999999999,10459.621001243595,0.07864195078408684
AS14.19,2014-05,appCat.unknown,6.066,10459.621001243595,0.0005799445313820437
AS14.20,2014-03,appCat.builtin,2345.062,11795.892999887472,0.1988032614421283
AS14.20,2014-03,appCat.communication,2890.75,11795.892999887472,0.2450641083322455
AS14.20,2014-03,appCat.entertainment,931.554,11795.892999887472,0.07897274076739139
AS14.20,2014-03,appCat.game,1976.108,11795.892999887472,0.16752508691108434
AS14.20,2014-03,appCat.other,472.04900000000004,11795.892999887472,0.04001808086971484
AS14.20,2014-03,appCat.social,1727.442,11795.892999887472,0.146444359915479
AS14.20,2014-03,appCat.unknown,3636.866,11795.892999887472,0.30831629280078193
AS14.20,2014-03,appCat.utilities,88.629,11795.892999887472,0.0075135472999666485
AS14.20,2014-04,appCat.builtin,4514.389,32447.1980009079,0.13913031873734316
AS14.20,2014-04,appCat.communication,13922.993,32447.1980009079,0.42909692848086367
AS14.20,2014-04,appCat.entertainment,1136.003,32447.1980009079,0.035010819731436084
AS14.20,2014-04,appCat.finance,125.091,32447.1980009079,0.003855217328673491
AS14.20,2014-04,appCat.game,5631.637,32447.1980009079,0.17356312245644204
AS14.20,2014-04,appCat.other,1147.855,32447.1980009079,0.035376090100842666
AS14.20,2014-04,appCat.social,7355.826,32447.1980009079,0.22670142425839598
AS14.20,2014-04,appCat.travel,93.43400000000001,32447.1980009079,0.0028795706796434515
AS14.20,2014-04,appCat.unknown,101.82499999999999,32447.1980009079,0.0031381754442140375
AS14.23,2014-03,appCat.builtin,13054.85,135904.23299694058,0.09605918603207808
AS14.23,2014-03,appCat.communication,51548.563,135904.23299694058,0.3793006432784212
AS14.23,2014-03,appCat.entertainment,30444.837,135904.23299694058,0.2240168413347755
AS14.23,2014-03,appCat.game,6833.468,135904.23299694058,0.05028149491233162
AS14.23,2014-03,appCat.other,2526.927,135904.23299694058,0.018593438513845886
AS14.23,2014-03,appCat.social,29901.351,135904.23299694058,0.22001780474838575
AS14.23,2014-03,appCat.travel,380.04,135904.23299694058,0.0027963808898325876
AS14.23,2014-03,appCat.unknown,5076.879,135904.23299694058,0.03735629779915897
AS14.23,2014-03,appCat.utilities,72.522,135904.23299694058,0.0005336257627945451
AS14.23,2014-04,appCat.builtin,36790.302,325653.45699834824,0.11297377997798012
AS14.23,2014-04,appCat.communication,169118.433,325653.45699834824,0.5193202447743639
AS14.23,2014-04,appCat.entertainment,36121.992,325653.45699834824,0.11092156777007042
AS14.23,2014-04,appCat.game,24237.725,325653.45699834824,0.07442796776489596
AS14.23,2014-04,appCat.office,21415.339,325653.45699834824,0.06576112901546327
AS14.23,2014-04,appCat.other,7546.549,325653.45699834824,0.02317355715968425
AS14.23,2014-04,appCat.social,8692.182,325653.45699834824,0.02669150845232418
AS14.23,2014-04,appCat.travel,4776.892,325653.45699834824,0.014668635929832087
AS14.23,2014-04,appCat.unknown,3393.6040000000003,325653.45699834824,0.010420905803610778
AS14.23,2014-04,appCat.utilities,323.012,325653.45699834824,0.0009918887487862238
AS14.23,2014-05,appCat.builtin,1632.364,30533.563003778454,0.05346130092311857
AS14.23,2014-05,appCat.communication,21943.998,30533.563003778454,0.7186844849153203
AS14.23,2014-05,appCat.entertainment,2924.313,30533.563003778454,0.09577372282553868
AS14.23,2014-05,appCat.office,3079.064,30533.563003778454,0.10084194889469575
AS14.23,2014-05,appCat.other,4.018,30533.563003778454,0.0001315928966266656
AS14.23,2014-05,appCat.social,585.722,30533.563003778454,0.019182890641603743
AS14.23,2014-05,appCat.travel,381.082,30533.563003778454,0.012480757648651813
AS14.23,2014-05,appCat.unknown,204.388,30533.563003778454,0.00669387977992308
AS14.23,2014-05,appCat.utilities,23.138,30533.563003778454,0.0007577890597679914
AS14.24,2014-04,appCat.builtin,24722.321,68406.22700095177,0.36140453996470273
AS14.24,2014-04,appCat.communication,42437.952,68406.22700095177,0.6203814164375641
AS14.24,2014-04,appCat.entertainment,383.353,68406.22700095177,0.00560406584030232
AS14.24,2014-04,appCat.office,91.71,68406.22700095177,0.001340667421969114
AS14.24,2014-04,appCat.other,1024.402,68406.22700095177,0.01497527410751286
AS14.24,2014-04,appCat.social,6477.151,68406.22700095177,0.0946865699800967
AS14.24,2014-04,appCat.travel,541.868,68406.22700095177,0.007921325641779085
AS14.24,2014-04,appCat.unknown,70.106,68406.22700095177,0.0010248482203093086
AS14.24,2014-04,appCat.utilities,269.36899999999997,68406.22700095177,0.00393778478670154
AS14.24,2014-05,appCat.builtin,47625.893,142535.99100542068,0.3341324016766318
AS14.24,2014-05,appCat.communication,70926.098,142535.99100542068,0.4976013251088468
AS14.24,2014-05,appCat.entertainment,1293.596,142535.99100542068,0.009075574462809216
AS14.24,2014-05,appCat.office,836.774,142535.99100542068,0.0058706155132999165
AS14.24,2014-05,appCat.other,1602.817,142535.99100542068,0.011244998464556536
AS14.24,2014-05,appCat.social,7799.889,142535.99100542068,0.054722242045543205
AS14.24,2014-05,appCat.travel,601.833,142535.99100542068,0.004222323048058171
AS14.24,2014-05,appCat.unknown,1466.342,142535.99100542068,0.010287520994920045
AS14.24,2014-05,appCat.utilities,127.267,142535.99100542068,0.0008928762420093603
AS14.24,2014-06,appCat.builtin,12897.956,32991.04499578476,0.3909532420585029
AS14.24,2014-06,appCat.communication,16960.846,32991.04499578476,0.5141045396460486
AS14.24,2014-06,appCat.entertainment,212.04999999999998,32991.04499578476,0.00642750176683077
AS14.24,2014-06,appCat.other,288.632,32991.04499578476,0.008748798349275638
AS14.24,2014-06,appCat.social,2168.9139999999998,32991.04499578476,0.06574250680077337
AS14.24,2014-06,appCat.travel,225.73700000000002,32991.04499578476,0.006842371923315623
AS14.24,2014-06,appCat.utilities,47.926,32991.04499578476,0.0014526972396940888
AS14.25,2014-04,appCat.builtin,59114.818,194853.77500152588,0.3033804092301372
AS14.25,2014-04,appCat.communication,113221.629,194853.77500152588,0.5810594585561064
AS14.25,2014-04,appCat.entertainment,3617.069,194853.77500152588,0.018562991658599762
AS14.25,2014-04,appCat.finance,187.268,194853.77500152588,0.0009610693967747534
AS14.25,2014-04,appCat.game,4099.209,194853.77500152588,0.021037359938076126
AS14.25,2014-04,appCat.office,1384.459,194853.77500152588,0.00710511767087478
AS14.25,2014-04,appCat.other,4862.847,194853.77500152588,0.024956391016606783
AS14.25,2014-04,appCat.social,29321.34,194853.77500152588,0.15047868587493565
AS14.25,2014-04,appCat.travel,2370.776,194853.77500152588,0.012166949293034916
AS14.25,2014-04,appCat.unknown,50.439,194853.77500152588,0.00025885564700814763
AS14.25,2014-04,appCat.utilities,4.123,194853.77500152588,2.1159456623140678e-05
AS14.25,2014-04,appCat.weather,479.735,194853.77500152588,0.0024620256907839904
AS14.25,2014-05,appCat.builtin,14079.671,71914.0899963379,0.19578459521238442
AS14.25,2014-05,appCat.communication,37226.856,71914.0899963379,0.5176573325463162
AS14.25,2014-05,appCat.entertainment,5720.885,71914.0899963379,0.07955165670999001
AS14.25,2014-05,appCat.finance,71.605,71914.0899963379,0.000995701954980538
AS14.25,2014-05,appCat.game,4553.228,71914.0899963379,0.06331482467805495
AS14.25,2014-05,appCat.office,572.8,71914.0899963379,0.00796505942061102
AS14.25,2014-05,appCat.other,1703.722,71914.0899963379,0.023691073614179905
AS14.25,2014-05,appCat.social,6315.434,71914.0899963379,0.08781914643321778
AS14.25,2014-05,appCat.travel,2157.854,71914.0899963379,0.030005997435410565
AS14.25,2014-05,appCat.unknown,2403.134,71914.0899963379,0.03341673377390127
AS14.25,2014-05,appCat.weather,143.814,71914.0899963379,0.0019998028203836475
AS14.26,2014-04,appCat.builtin,71988.33499999999,116478.7130060196,0.6180385509262937
AS14.26,2014-04,appCat.communication,36052.818,116478.7130060196,0.3095228052368401
AS14.26,2014-04,appCat.entertainment,1153.203,116478.7130060196,0.009900547235102114
AS14.26,2014-04,appCat.office,132.97899999999998,116478.7130060196,0.0011416592488717456
AS14.26,2014-04,appCat.other,945.209,116478.7130060196,0.008114864730271803
AS14.26,2014-04,appCat.social,58348.498,116478.7130060196,0.5009370080950719
AS14.26,2014-04,appCat.travel,461.276,116478.7130060196,0.003960174250690436
AS14.26,2014-04,appCat.unknown,458.646,116478.7130060196,0.003937595017694755
AS14.26,2014-04,appCat.utilities,71.596,116478.7130060196,0.0006146702530641794
AS14.26,2014-04,appCat.weather,297.391,116478.7130060196,0.002553178965710506
AS14.26,2014-05,appCat.builtin,88157.85800000001,191277.20000362396,0.4608905713714429
AS14.26,2014-05,appCat.communication,64336.1,191277.20000362396,0.3363500720356691
AS14.26,2014-05,appCat.entertainment,5154.769,191277.20000362396,0.026949207746152375
AS14.26,2014-05,appCat.other,1712.863,191277.20000362396,0.00895487282314645
AS14.26,2014-05,appCat.social,80699.163,191277.20000362396,0.4218964047909059
AS14.26,2014-05,appCat.travel,800.709,191277.20000362396,0.004186118366354325
AS14.26,2014-05,appCat.unknown,2788.998,191277.20000362396,0.014580922346976844
AS14.26,2014-05,appCat.utilities,203.269,191277.20000362396,0.001062693305820813
AS14.26,2014-05,appCat.weather,643.942,191277.20000362396,0.0033665381968567072
AS14.27,2014-04,appCat.builtin,61713.102,117718.79499769212,0.5242417066978122
AS14.27,2014-04,appCat.communication,49201.968,117718.79499769212,0.4179618726216541
AS14.27,2014-04,appCat.entertainment,251.452,117718.79499769212,0.002136039533915801
AS14.27,2014-04,appCat.game,4625.491,117718.79499769212,0.03929271447342527
AS14.27,2014-04,appCat.office,48.857000000000006,117718.79499769212,0.000415031431480061
AS14.27,2014-04,appCat.other,3147.888,117718.79499769212,0.02674074263214905
AS14.27,2014-04,appCat.social,30282.663,117718.79499769212,0.25724577796259035
AS14.27,2014-04,appCat.travel,9205.374,117718.79499769212,0.0781979971862647
AS14.27,2014-04,appCat.utilities,21.132,117718.79499769212,0.0001795125408853726
AS14.27,2014-04,appCat.weather,242.926,117718.79499769212,0.0020636126967215605
AS14.27,2014-05,appCat.builtin,15111.358,66489.68099737167,0.22727373290597302
AS14.27,2014-05,appCat.communication,35057.029,66489.68099737167,0.5272551841749068
AS14.27,2014-05,appCat.entertainment,162.572,66489.68099737167,0.0024450711382782305
AS14.27,2014-05,appCat.game,1316.988,66489.68099737167,0.01980740440087328
AS14.27,2014-05,appCat.other,671.339,66489.68099737167,0.010096890072709749
AS14.27,2014-05,appCat.social,11175.611,66489.68099737167,0.16808038228430922
AS14.27,2014-05,appCat.travel,556.659,66489.68099737167,0.008372111155443875
AS14.27,2014-05,appCat.weather,435.567,66489.68099737167,0.006550896221283088
AS14.28,2014-03,appCat.builtin,818.388,1870.4369995594018,0.4375383935373277
AS14.28,2014-03,appCat.communication,93.215,1870.4369995594018,0.04983594744006755
AS14.28,2014-03,appCat.entertainment,181.001,1870.4369995594018,0.09676936461513348
AS14.28,2014-03,appCat.finance,159.49699999999999,1870.4369995594018,0.08527258605212094
AS14.28,2014-03,appCat.other,40.548,1870.4369995594018,0.021678356453359
AS14.28,2014-03,appCat.social,691.1659999999999,1870.4369995594018,0.3695211333837014
AS14.28,2014-03,appCat.utilities,6.177,1870.4369995594018,0.003302436810999273
AS14.28,2014-04,appCat.builtin,93481.177,273364.4290010929,0.3419654025272844
AS14.28,2014-04,appCat.communication,71326.697,273364.4290010929,0.260921646831069
AS14.28,2014-04,appCat.entertainment,12147.747,273364.4290010929,0.044437921365224266
AS14.28,2014-04,appCat.finance,1408.435,273364.4290010929,0.005152224834615805
AS14.28,2014-04,appCat.game,5566.565,273364.4290010929,0.02036316509920808
AS14.28,2014-04,appCat.office,23.264,273364.4290010929,8.510251346530162e-05
AS14.28,2014-04,appCat.other,2685.921,273364.4290010929,0.009825422458271853
AS14.28,2014-04,appCat.social,64661.548,273364.4290010929,0.2365397291676946
AS14.28,2014-04,appCat.travel,4822.174,273364.4290010929,0.0176400931811824
AS14.28,2014-04,appCat.unknown,372.154,273364.4290010929,0.0013613841470153827
AS14.28,2014-04,appCat.utilities,8346.778,273364.4290010929,0.030533519048181027
AS14.28,2014-04,appCat.weather,1396.844,273364.4290010929,0.0051098235608204
AS14.28,2014-05,appCat.builtin,28547.541,56198.14499759675,0.5079801299708523
AS14.28,2014-05,appCat.communication,14610.537,56198.14499759675,0.25998254925718284
AS14.28,2014-05,appCat.entertainment,1715.5439999999999,56198.14499759675,0.030526701549906374
AS14.28,2014-05,appCat.finance,155.07,56198.14499759675,0.002759343747140255
AS14.28,2014-05,appCat.game,2549.188,56198.14499759675,0.045360714310214566
AS14.28,2014-05,appCat.other,1364.663,56198.14499759675,0.024283061301371395
AS14.28,2014-05,appCat.social,15461.012,56198.14499759675,0.27511605588869836
AS14.28,2014-05,appCat.travel,468.43199999999996,56198.14499759675,0.008335364094669529
AS14.28,2014-05,appCat.unknown,317.971,56198.14499759675,0.005658033730714736
AS14.28,2014-05,appCat.utilities,1811.942,56198.14499759675,0.03224202507177925
AS14.28,2014-05,appCat.weather,208.623,56198.14499759675,0.0037122755565850356
AS14.29,2014-04,appCat.builtin,13869.313,229967.32199788094,0.06030992960003161
AS14.29,2014-04,appCat.communication,79709.597,229967.32199788094,0.3466127113518089
AS14.29,2014-04,appCat.entertainment,9769.22,229967.32199788094,0.04248090517873674
AS14.29,2014-04,appCat.finance,96.51899999999999,229967.32199788094,0.00041970745739644425
AS14.29,2014-04,appCat.office,56216.888999999996,229967.32199788094,0.2444559884056832
AS14.29,2014-04,appCat.other,3422.053,229967.32199788094,0.014880605515037188
AS14.29,2014-04,appCat.social,104424.64,229967.32199788094,0.4540846894801959
AS14.29,2014-04,appCat.travel,4722.168,229967.32199788094,0.02053408266433399
AS14.29,2014-04,appCat.utilities,80.498,229967.32199788094,0.00035004103757290246
AS14.29,2014-05,appCat.builtin,6696.949,110235.80800485611,0.06075112181066415
AS14.29,2014-05,appCat.communication,42760.14,110235.80800485611,0.38789700709697095
AS14.29,2014-05,appCat.entertainment,2268.398,110235.80800485611,0.020577687423491944
AS14.29,2014-05,appCat.finance,65.333,110235.80800485611,0.0005926658604173514
AS14.29,2014-05,appCat.office,23512.043999999998,110235.80800485611,0.21328862576998797
AS14.29,2014-05,appCat.other,2969.3360000000002,110235.80800485611,0.02693622021502482
AS14.29,2014-05,appCat.social,41681.45,110235.80800485611,0.37811171119790626
AS14.29,2014-05,appCat.travel,565.605,110235.80800485611,0.005130864555146037
AS14.29,2014-05,appCat.utilities,33.613,110235.80800485611,0.00030491906947803456
AS14.30,2014-03,appCat.builtin,13534.678,176586.99100327492,0.07664595179465394
AS14.30,2014-03,appCat.communication,81475.455,176586.99100327492,0.4613899049816698
AS14.30,2014-03,appCat.entertainment,38199.586,176586.99100327492,0.21632163152545913
AS14.30,2014-03,appCat.finance,284.197,176586.99100327492,0.0016093880890395227
AS14.30,2014-03,appCat.office,999.148,176586.99100327492,0.005658106490876614
AS14.30,2014-03,appCat.other,6984.9619999999995,176586.99100327492,0.03955535999744431
AS14.30,2014-03,appCat.social,27247.135,176586.99100327492,0.15429865385437527
AS14.30,2014-03,appCat.travel,336.042,176586.99100327492,0.0019029827627209971
AS14.30,2014-03,appCat.unknown,1139.568,176586.99100327492,0.006453295305195307
AS14.30,2014-03,appCat.utilities,879.458,176586.99100327492,0.004980310242580043
AS14.30,2014-03,appCat.weather,389.101,176586.99100327492,0.0022034522350108106
AS14.30,2014-04,appCat.builtin,68255.674,404900.7380013466,0.16857384438694947
AS14.30,2014-04,appCat.communication,146703.612,404900.7380013466,0.3623199422262157
AS14.30,2014-04,appCat.entertainment,114809.257,404900.7380013466,0.28354914235700446
AS14.30,2014-04,appCat.finance,1274.028,404900.7380013466,0.0031465193328340216
AS14.30,2014-04,appCat.game,24975.08,404900.7380013466,0.06168198191803973
AS14.30,2014-04,appCat.office,296.353,404900.7380013466,0.000731915188554224
AS14.30,2014-04,appCat.other,15354.069,404900.7380013466,0.03792057548669851
AS14.30,2014-04,appCat.social,49285.249,404900.7380013466,0.12172180580178664
AS14.30,2014-04,appCat.travel,880.359,404900.7380013466,0.002174258817965089
AS14.30,2014-04,appCat.unknown,4620.247,404900.7380013466,0.011410813975806176
AS14.30,2014-04,appCat.utilities,1631.727,404900.7380013466,0.004029943259808466
AS14.30,2014-04,appCat.weather,213.49,404900.7380013466,0.000527265030569764
AS14.30,2014-05,appCat.builtin,4797.5470000000005,44016.566000461564,0.1089941228025306
AS14.30,2014-05,appCat.communication,14396.811,44016.566000461564,0.3270771054663608
AS14.30,2014-05,appCat.entertainment,14930.726,44016.566000461564,0.3392069703902716
AS14.30,2014-05,appCat.finance,132.001,44016.566000461564,0.0029988936437843837
AS14.30,2014-05,appCat.game,801.744,44016.566000461564,0.018214596749587253
AS14.30,2014-05,appCat.other,1588.301,44016.566000461564,0.03608416431175809
AS14.30,2014-05,appCat.social,5456.626,44016.566000461564,0.1239675534875388
AS14.30,2014-05,appCat.travel,411.528,44016.566000461564,0.009349389045835259
AS14.30,2014-05,appCat.unknown,120.542,44016.566000461564,0.002738559841281939
AS14.30,2014-05,appCat.utilities,180.621,44016.566000461564,0.004103477767850086
AS14.31,2014-04,appCat.builtin,72762.348,206580.25999450684,0.3522231407876765
AS14.31,2014-04,appCat.communication,61004.196,206580.25999450684,0.2953050596490786
AS14.31,2014-04,appCat.entertainment,8361.9,206580.25999450684,0.040477730061054
AS14.31,2014-04,appCat.finance,1400.675,206580.25999450684,0.006780294496856792
AS14.31,2014-04,appCat.office,1915.308,206580.25999450684,0.009271495737544962
AS14.31,2014-04,appCat.other,5419.369,206580.25999450684,0.0262337214608216
AS14.31,2014-04,appCat.social,4285.89,206580.25999450684,0.020746851611639788
AS14.31,2014-04,appCat.travel,817.922,206580.25999450684,0.003959342485200422
AS14.31,2014-04,appCat.unknown,5.064,206580.25999450684,2.4513474811846284e-05
AS14.31,2014-04,appCat.utilities,9497.447,206580.25999450684,0.04597461054726403
AS14.31,2014-05,appCat.builtin,4426.454,20939.645000457764,0.21139107181154373
AS14.31,2014-05,appCat.communication,4694.836,20939.645000457764,0.2242080035214239
AS14.31,2014-05,appCat.entertainment,349.741,20939.645000457764,0.016702336643832992
AS14.31,2014-05,appCat.finance,65.211,20939.645000457764,0.0031142361772883167
AS14.31,2014-05,appCat.office,57.657,20939.645000457764,0.0027534850757374133
AS14.31,2014-05,appCat.other,356.136,20939.645000457764,0.017007738191942342
AS14.31,2014-05,appCat.social,822.686,20939.645000457764,0.0392884406579966
AS14.31,2014-05,appCat.travel,90.475,20939.645000457764,0.004320751378450882
AS14.31,2014-05,appCat.utilities,2232.1569999999997,20939.645000457764,0.10659956269321673
AS14.32,2014-04,appCat.builtin,23972.705,153159.44199228287,0.15652123491810513
AS14.32,2014-04,appCat.communication,66267.128,153159.44199228287,0.4326675987977219
AS14.32,2014-04,appCat.entertainment,37589.072,153159.44199228287,0.24542445121923318
AS14.32,2014-04,appCat.office,143.55599999999998,153159.44199228287,0.0009372977475801539
AS14.32,2014-04,appCat.other,2351.116,153159.44199228287,0.015350774130650488
AS14.32,2014-04,appCat.social,3694.015,153159.44199228287,0.024118754625562865
AS14.32,2014-04,appCat.travel,2091.323,153159.44199228287,0.013654548311199605
AS14.32,2014-04,appCat.utilities,475.589,153159.44199228287,0.0031051889051930807
AS14.32,2014-04,appCat.weather,22.431,153159.44199228287,0.00014645522148827244
AS14.32,2014-05,appCat.builtin,9972.951,46052.772997140884,0.21655484243303122
AS14.32,2014-05,appCat.communication,29995.635,46052.772997140884,0.6513317884649906
AS14.32,2014-05,appCat.entertainment,11541.943,46052.772997140884,0.2506242783842042
AS14.32,2014-05,appCat.office,6.036,46052.772997140884,0.00013106702609145241
AS14.32,2014-05,appCat.other,808.223,46052.772997140884,0.017549931250614968
AS14.32,2014-05,appCat.social,2654.189,46052.772997140884,0.05763364130461332
AS14.32,2014-05,appCat.travel,1445.894,46052.772997140884,0.03139645901648021
AS14.33,2014-04,appCat.builtin,36658.745,185816.3639998436,0.19728480425992437
AS14.33,2014-04,appCat.communication,22379.901,185816.3639998436,0.12044095858004647
AS14.33,2014-04,appCat.entertainment,13103.222,185816.3639998436,0.07051705090952608
AS14.33,2014-04,appCat.finance,3.106,185816.3639998436,1.6715427711213928e-05
AS14.33,2014-04,appCat.other,1146.849,185816.3639998436,0.006171948343585957
AS14.33,2014-04,appCat.social,85950.188,185816.3639998436,0.4625544604891329
AS14.33,2014-04,appCat.travel,505.99,185816.3639998436,0.0027230647996127288
AS14.33,2014-04,appCat.unknown,31.146,185816.3639998436,0.00016761709964374405
AS14.33,2014-04,appCat.utilities,1285.172,185816.3639998436,0.006916355332413467
AS14.33,2014-05,appCat.builtin,59908.818999999996,294003.39799404144,0.20376913807375166
AS14.33,2014-05,appCat.communication,42234.49,294003.39799404144,0.14365306757732088
AS14.33,2014-05,appCat.entertainment,18395.865,294003.39799404144,0.06257024621318434
AS14.33,2014-05,appCat.office,488.439,294003.39799404144,0.0016613379414407285
AS14.33,2014-05,appCat.other,2706.686,294003.39799404144,0.009206308561286956
AS14.33,2014-05,appCat.social,124483.034,294003.39799404144,0.42340678661993864
AS14.33,2014-05,appCat.travel,2287.33,294003.39799404144,0.007779944094545319
AS14.33,2014-05,appCat.unknown,12.088999999999999,294003.39799404144,4.111857237869409e-05
AS14.33,2014-05,appCat.utilities,1158.387,294003.39799404144,0.003940046298456309
